GT,2,-0.625778696
GC,5,0.300043317
AA,6,-0.834836245
TA,6,0.760627772
GG,7,-0.490816749
GG,12,-1.516907439
TA,12,0.7092612
TC,12,0.496298609
TT,12,-0.586873894
GG,13,-0.334563735
GA,14,0.76384993
GC,14,-0.53702517
TG,17,-0.798146133
GG,19,-0.66680873
TC,19,0.353183252
CC,20,0.748072092
TG,20,-0.367266772
AC,21,0.568209132
CG,21,0.329072074
GA,21,-0.836456755
GG,21,-0.782207584
TC,22,-1.029692957
CG,23,0.856197823
CT,23,-0.463207679
AA,24,-0.579492389
AG,24,0.649075537
AG,25,-0.077300704
CG,25,0.287935617
TG,25,-0.221637217
GT,27,0.117877577
GG,29,-0.697740024
