G,2,-0.275377128
A,3,-0.323887456
C,3,0.172128871
C,4,-0.100666209
C,5,-0.20180294
G,5,0.245956633
A,6,0.036440041
C,6,0.098376835
C,7,-0.741181291
G,7,-0.393264397
A,12,-0.466099015
A,15,0.085376945
C,15,-0.013813972
A,16,0.272620512
C,16,-0.119022648
T,16,-0.285944222
A,17,0.097454592
G,17,-0.17554617
C,18,-0.345795451
G,18,-0.678096426
A,19,0.22508903
C,19,-0.507794051
G,20,-0.417373597
T,20,-0.054306959
G,21,0.379899366
T,21,-0.090712644
C,22,0.057823319
T,22,-0.530567296
T,23,-0.877007428
C,24,-0.876235846
G,24,0.278916259
T,24,-0.403102218
A,25,-0.077300704
C,25,0.287935617
T,25,-0.221637217
G,28,-0.689016682
T,28,0.117877577
C,29,-0.160445304
G,30,0.386342585
